,Country,Total,Tetracyclines_kg,Amphenicols_kg,Penicillins_kg,Cephalosporins_1_2_kg,Cephalosporins_3_4_kg,Sulfonamides_kg,Macrolides_kg,Lincosamides_kg,Aminoglycosides_kg,Quinolones_kg,Pleuromutilins_kg,Polymixins_kg,Other_antibiotics_kg
1,Afghanistan,123.796368619509 (+-19%),NA (+NA%),NA (+NA%),NA (+NA%),NA (+NA%),NA (+NA%),NA (+NA%),NA (+NA%),NA (+NA%),NA (+NA%),NA (+NA%),NA (+NA%),NA (+NA%),NA (+NA%)
2,Albania,14.5956257835759 (+-14%),4 (+NA%),1 (+NA%),4 (+NA%),0 (+NA%),0 (+NA%),1 (+NA%),1 (+NA%),1 (+NA%),1 (+NA%),0 (+NA%),0 (+NA%),0 (+NA%),0 (+NA%)
3,Algeria,101.360516956968 (+-75%),27 (+NA%),3 (+NA%),27 (+NA%),0 (+NA%),1 (+NA%),14 (+NA%),10 (+NA%),1 (+NA%),4 (+NA%),7 (+NA%),3 (+NA%),2 (+NA%),3 (+NA%)
4,American Samoa,0 (+NaN%),NA (+NA%),NA (+NA%),NA (+NA%),NA (+NA%),NA (+NA%),NA (+NA%),NA (+NA%),NA (+NA%),NA (+NA%),NA (+NA%),NA (+NA%),NA (+NA%),NA (+NA%)
5,Andorra,0 (+NaN%),NA (+NA%),NA (+NA%),NA (+NA%),NA (+NA%),NA (+NA%),NA (+NA%),NA (+NA%),NA (+NA%),NA (+NA%),NA (+NA%),NA (+NA%),NA (+NA%),NA (+NA%)
6,Angola,46.9550592634044 (+44%),29 (+NA%),1 (+NA%),4 (+NA%),0 (+NA%),0 (+NA%),3 (+NA%),2 (+NA%),0 (+NA%),1 (+NA%),2 (+NA%),0 (+NA%),1 (+NA%),4 (+NA%)
7,Anguilla,0 (+NaN%),NA (+NA%),NA (+NA%),NA (+NA%),NA (+NA%),NA (+NA%),NA (+NA%),NA (+NA%),NA (+NA%),NA (+NA%),NA (+NA%),NA (+NA%),NA (+NA%),NA (+NA%)
8,Antigua and Barbuda,0.198193446451826 (+5%),NA (+NA%),NA (+NA%),NA (+NA%),NA (+NA%),NA (+NA%),NA (+NA%),NA (+NA%),NA (+NA%),NA (+NA%),NA (+NA%),NA (+NA%),NA (+NA%),NA (+NA%)
9,Argentina,1753.24759952799 (+6%),732 (+NA%),73 (+NA%),191 (+NA%),5 (+NA%),1 (+NA%),78 (+NA%),139 (+NA%),40 (+NA%),77 (+NA%),49 (+NA%),17 (+NA%),139 (+NA%),210 (+NA%)
10,Armenia,21.6587357074203 (+7%),7 (+NA%),1 (+NA%),6 (+NA%),0 (+NA%),0 (+NA%),2 (+NA%),1 (+NA%),1 (+NA%),2 (+NA%),0 (+NA%),0 (+NA%),0 (+NA%),0 (+NA%)
11,Aruba,0 (+NaN%),NA (+NA%),NA (+NA%),NA (+NA%),NA (+NA%),NA (+NA%),NA (+NA%),NA (+NA%),NA (+NA%),NA (+NA%),NA (+NA%),NA (+NA%),NA (+NA%),NA (+NA%)
12,Australia,2225.63254917279 (+-12%),1334 (+NA%),27 (+NA%),327 (+NA%),5 (+NA%),5 (+NA%),64 (+NA%),226 (+NA%),5 (+NA%),35 (+NA%),18 (+NA%),12 (+NA%),7 (+NA%),160 (+NA%)
13,Austria,43.9131641420927 (+-4%),22 (+NA%),0 (+NA%),9 (+NA%),0 (+NA%),0 (+NA%),4 (+NA%),4 (+NA%),0 (+NA%),1 (+NA%),1 (+NA%),0 (+NA%),2 (+NA%),0 (+NA%)
14,Azerbaijan,75.1347438391667 (+-19%),16 (+NA%),4 (+NA%),24 (+NA%),1 (+NA%),0 (+NA%),9 (+NA%),6 (+NA%),2 (+NA%),8 (+NA%),3 (+NA%),0 (+NA%),1 (+NA%),0 (+NA%)
15,"Bahamas, The",1.09689331796761 (+1%),NA (+NA%),NA (+NA%),NA (+NA%),NA (+NA%),NA (+NA%),NA (+NA%),NA (+NA%),NA (+NA%),NA (+NA%),NA (+NA%),NA (+NA%),NA (+NA%),NA (+NA%)
16,Bahrain,0.74527949011795 (+65%),NA (+NA%),NA (+NA%),NA (+NA%),NA (+NA%),NA (+NA%),NA (+NA%),NA (+NA%),NA (+NA%),NA (+NA%),NA (+NA%),NA (+NA%),NA (+NA%),NA (+NA%)
17,Bangladesh,367.218366054021 (+5%),NA (+NA%),NA (+NA%),NA (+NA%),NA (+NA%),NA (+NA%),NA (+NA%),NA (+NA%),NA (+NA%),NA (+NA%),NA (+NA%),NA (+NA%),NA (+NA%),NA (+NA%)
18,Barbados,3.55937353857687 (+2%),NA (+NA%),NA (+NA%),NA (+NA%),NA (+NA%),NA (+NA%),NA (+NA%),NA (+NA%),NA (+NA%),NA (+NA%),NA (+NA%),NA (+NA%),NA (+NA%),NA (+NA%)
19,Belarus,275.944991182008 (+8%),95 (+NA%),9 (+NA%),69 (+NA%),2 (+NA%),0 (+NA%),24 (+NA%),20 (+NA%),14 (+NA%),26 (+NA%),5 (+NA%),3 (+NA%),8 (+NA%),1 (+NA%)
20,Belgium,182.854548977296 (+-1%),36 (+NA%),3 (+NA%),75 (+NA%),1 (+NA%),0 (+NA%),35 (+NA%),13 (+NA%),5 (+NA%),1 (+NA%),4 (+NA%),1 (+NA%),3 (+NA%),6 (+NA%)
21,Belize,4.50045168750242 (+17%),NA (+NA%),NA (+NA%),NA (+NA%),NA (+NA%),NA (+NA%),NA (+NA%),NA (+NA%),NA (+NA%),NA (+NA%),NA (+NA%),NA (+NA%),NA (+NA%),NA (+NA%)
22,Benin,21.8560595691012 (+21%),14 (+NA%),0 (+NA%),2 (+NA%),0 (+NA%),0 (+NA%),2 (+NA%),1 (+NA%),0 (+NA%),1 (+NA%),1 (+NA%),0 (+NA%),0 (+NA%),1 (+NA%)
23,Bermuda,0 (+NaN%),NA (+NA%),NA (+NA%),NA (+NA%),NA (+NA%),NA (+NA%),NA (+NA%),NA (+NA%),NA (+NA%),NA (+NA%),NA (+NA%),NA (+NA%),NA (+NA%),NA (+NA%)
24,Bhutan,6.44913199874946 (+31%),NA (+NA%),NA (+NA%),NA (+NA%),NA (+NA%),NA (+NA%),NA (+NA%),NA (+NA%),NA (+NA%),NA (+NA%),NA (+NA%),NA (+NA%),NA (+NA%),NA (+NA%)
25,Bolivia,326.626074337509 (+20%),114 (+NA%),12 (+NA%),40 (+NA%),1 (+NA%),0 (+NA%),18 (+NA%),33 (+NA%),9 (+NA%),14 (+NA%),11 (+NA%),3 (+NA%),34 (+NA%),36 (+NA%)
26,Bosnia and Herzegovina,28.7900527054448 (+7%),9 (+NA%),1 (+NA%),8 (+NA%),0 (+NA%),0 (+NA%),3 (+NA%),2 (+NA%),1 (+NA%),3 (+NA%),1 (+NA%),0 (+NA%),1 (+NA%),0 (+NA%)
27,Botswana,7.03263131972634 (+16%),4 (+NA%),0 (+NA%),1 (+NA%),0 (+NA%),0 (+NA%),1 (+NA%),0 (+NA%),0 (+NA%),0 (+NA%),0 (+NA%),0 (+NA%),0 (+NA%),0 (+NA%)
28,Brazil,9682.94903169443 (+13%),4233 (+NA%),368 (+NA%),978 (+NA%),26 (+NA%),5 (+NA%),405 (+NA%),761 (+NA%),221 (+NA%),398 (+NA%),256 (+NA%),92 (+NA%),811 (+NA%),1129 (+NA%)
29,British Virgin Islands,0 (+NaN%),NA (+NA%),NA (+NA%),NA (+NA%),NA (+NA%),NA (+NA%),NA (+NA%),NA (+NA%),NA (+NA%),NA (+NA%),NA (+NA%),NA (+NA%),NA (+NA%),NA (+NA%)
30,Brunei Darussalam,7.40221238430027 (+0%),NA (+NA%),NA (+NA%),NA (+NA%),NA (+NA%),NA (+NA%),NA (+NA%),NA (+NA%),NA (+NA%),NA (+NA%),NA (+NA%),NA (+NA%),NA (+NA%),NA (+NA%)
31,Bulgaria,45.4446865843024 (+-15%),18 (+NA%),0 (+NA%),6 (+NA%),0 (+NA%),0 (+NA%),2 (+NA%),12 (+NA%),2 (+NA%),1 (+NA%),1 (+NA%),1 (+NA%),2 (+NA%),0 (+NA%)
32,Burkina Faso,46.229193755708 (+-9%),27 (+NA%),1 (+NA%),6 (+NA%),0 (+NA%),0 (+NA%),4 (+NA%),2 (+NA%),0 (+NA%),1 (+NA%),2 (+NA%),0 (+NA%),0 (+NA%),2 (+NA%)
33,Burundi,5.98644181031539 (+26%),NA (+NA%),NA (+NA%),NA (+NA%),NA (+NA%),NA (+NA%),NA (+NA%),NA (+NA%),NA (+NA%),NA (+NA%),NA (+NA%),NA (+NA%),NA (+NA%),NA (+NA%)
34,Cote d'Ivoire,18.1729935373077 (+11%),9 (+NA%),0 (+NA%),3 (+NA%),0 (+NA%),0 (+NA%),2 (+NA%),1 (+NA%),0 (+NA%),1 (+NA%),1 (+NA%),0 (+NA%),0 (+NA%),1 (+NA%)
35,Cabo Verde,0.39283505561152 (+52%),NA (+NA%),NA (+NA%),NA (+NA%),NA (+NA%),NA (+NA%),NA (+NA%),NA (+NA%),NA (+NA%),NA (+NA%),NA (+NA%),NA (+NA%),NA (+NA%),NA (+NA%)
36,Cambodia,106.279217378472 (+19%),NA (+NA%),NA (+NA%),NA (+NA%),NA (+NA%),NA (+NA%),NA (+NA%),NA (+NA%),NA (+NA%),NA (+NA%),NA (+NA%),NA (+NA%),NA (+NA%),NA (+NA%)
37,Cameroon,52.5285539782517 (+5%),14 (+NA%),0 (+NA%),6 (+NA%),0 (+NA%),0 (+NA%),9 (+NA%),11 (+NA%),0 (+NA%),4 (+NA%),4 (+NA%),0 (+NA%),4 (+NA%),0 (+NA%)
38,Canada,1005.08969263375 (+7%),561 (+NA%),0 (+NA%),114 (+NA%),7 (+NA%),0 (+NA%),58 (+NA%),87 (+NA%),47 (+NA%),14 (+NA%),1 (+NA%),0 (+NA%),0 (+NA%),117 (+NA%)
39,Cayman Islands,0 (+NaN%),NA (+NA%),NA (+NA%),NA (+NA%),NA (+NA%),NA (+NA%),NA (+NA%),NA (+NA%),NA (+NA%),NA (+NA%),NA (+NA%),NA (+NA%),NA (+NA%),NA (+NA%)
40,Central African Republic,30.2160188587373 (+34%),20 (+NA%),1 (+NA%),3 (+NA%),0 (+NA%),0 (+NA%),2 (+NA%),1 (+NA%),0 (+NA%),1 (+NA%),2 (+NA%),0 (+NA%),0 (+NA%),1 (+NA%)
41,Chad,207.760710470534 (+-4%),115 (+NA%),5 (+NA%),31 (+NA%),0 (+NA%),1 (+NA%),17 (+NA%),11 (+NA%),1 (+NA%),6 (+NA%),10 (+NA%),2 (+NA%),1 (+NA%),6 (+NA%)
42,Chile,612.794716162055 (+-10%),61 (+NA%),376 (+NA%),48 (+NA%),0 (+NA%),1 (+NA%),14 (+NA%),21 (+NA%),9 (+NA%),16 (+NA%),7 (+NA%),40 (+NA%),0 (+NA%),19 (+NA%)
43,"Hong Kong SAR, China",4.13494211887123 (+-1%),NA (+NA%),NA (+NA%),NA (+NA%),NA (+NA%),NA (+NA%),NA (+NA%),NA (+NA%),NA (+NA%),NA (+NA%),NA (+NA%),NA (+NA%),NA (+NA%),NA (+NA%)
44,"Macao SAR, China",0 (+NaN%),NA (+NA%),NA (+NA%),NA (+NA%),NA (+NA%),NA (+NA%),NA (+NA%),NA (+NA%),NA (+NA%),NA (+NA%),NA (+NA%),NA (+NA%),NA (+NA%),NA (+NA%)
45,China,32401.7121162148 (+-14%),9968 (+NA%),3435 (+NA%),4065 (+NA%),0 (+NA%),0 (+NA%),4247 (+NA%),3242 (+NA%),684 (+NA%),2164 (+NA%),1093 (+NA%),1574 (+NA%),1900 (+NA%),29 (+NA%)
46,"Taiwan, China",6.35075757347587 (+-4%),NA (+NA%),NA (+NA%),NA (+NA%),NA (+NA%),NA (+NA%),NA (+NA%),NA (+NA%),NA (+NA%),NA (+NA%),NA (+NA%),NA (+NA%),NA (+NA%),NA (+NA%)
47,Colombia,904.686833241931 (+26%),347 (+NA%),35 (+NA%),97 (+NA%),2 (+NA%),0 (+NA%),41 (+NA%),79 (+NA%),23 (+NA%),39 (+NA%),26 (+NA%),10 (+NA%),90 (+NA%),115 (+NA%)
48,Comoros,0.232146975375153 (+25%),NA (+NA%),NA (+NA%),NA (+NA%),NA (+NA%),NA (+NA%),NA (+NA%),NA (+NA%),NA (+NA%),NA (+NA%),NA (+NA%),NA (+NA%),NA (+NA%),NA (+NA%)
49,"Congo, Rep.",2.56156462745891 (+22%),1 (+NA%),0 (+NA%),0 (+NA%),0 (+NA%),0 (+NA%),0 (+NA%),0 (+NA%),0 (+NA%),0 (+NA%),0 (+NA%),0 (+NA%),0 (+NA%),0 (+NA%)
50,Cook Islands,0.00294603457761187 (+-6%),NA (+NA%),NA (+NA%),NA (+NA%),NA (+NA%),NA (+NA%),NA (+NA%),NA (+NA%),NA (+NA%),NA (+NA%),NA (+NA%),NA (+NA%),NA (+NA%),NA (+NA%)
51,Costa Rica,79.2307055705081 (+13%),24 (+NA%),2 (+NA%),8 (+NA%),0 (+NA%),0 (+NA%),3 (+NA%),7 (+NA%),2 (+NA%),3 (+NA%),2 (+NA%),2 (+NA%),12 (+NA%),13 (+NA%)
52,Croatia,22.5444614812038 (+-7%),8 (+NA%),0 (+NA%),8 (+NA%),0 (+NA%),0 (+NA%),2 (+NA%),1 (+NA%),0 (+NA%),1 (+NA%),1 (+NA%),0 (+NA%),1 (+NA%),0 (+NA%)
53,Cuba,60.7288401919769 (+-13%),NA (+NA%),NA (+NA%),NA (+NA%),NA (+NA%),NA (+NA%),NA (+NA%),NA (+NA%),NA (+NA%),NA (+NA%),NA (+NA%),NA (+NA%),NA (+NA%),NA (+NA%)
54,Cyprus,40.9062305469254 (+-2%),NA (+NA%),NA (+NA%),NA (+NA%),NA (+NA%),NA (+NA%),NA (+NA%),NA (+NA%),NA (+NA%),NA (+NA%),NA (+NA%),NA (+NA%),NA (+NA%),NA (+NA%)
55,Czech Republic,40.6393826173403 (+-5%),11 (+NA%),0 (+NA%),13 (+NA%),0 (+NA%),0 (+NA%),7 (+NA%),2 (+NA%),0 (+NA%),1 (+NA%),2 (+NA%),2 (+NA%),0 (+NA%),0 (+NA%)
56,"Korea, Dem. People's Rep.",32.6127153607469 (+-100%),NA (+NA%),NA (+NA%),NA (+NA%),NA (+NA%),NA (+NA%),NA (+NA%),NA (+NA%),NA (+NA%),NA (+NA%),NA (+NA%),NA (+NA%),NA (+NA%),NA (+NA%)
57,"Congo, Dem. Rep.",10.4373580825036 (+25%),NA (+NA%),NA (+NA%),NA (+NA%),NA (+NA%),NA (+NA%),NA (+NA%),NA (+NA%),NA (+NA%),NA (+NA%),NA (+NA%),NA (+NA%),NA (+NA%),NA (+NA%)
58,Denmark,91.8871466303697 (+-15%),15 (+NA%),2 (+NA%),29 (+NA%),0 (+NA%),0 (+NA%),9 (+NA%),13 (+NA%),2 (+NA%),0 (+NA%),11 (+NA%),8 (+NA%),0 (+NA%),3 (+NA%)
59,Djibouti,1.24386492606301 (+23%),NA (+NA%),NA (+NA%),NA (+NA%),NA (+NA%),NA (+NA%),NA (+NA%),NA (+NA%),NA (+NA%),NA (+NA%),NA (+NA%),NA (+NA%),NA (+NA%),NA (+NA%)
60,Dominica,0.519929119361917 (+12%),NA (+NA%),NA (+NA%),NA (+NA%),NA (+NA%),NA (+NA%),NA (+NA%),NA (+NA%),NA (+NA%),NA (+NA%),NA (+NA%),NA (+NA%),NA (+NA%),NA (+NA%)
61,Dominican Republic,107.116842923716 (+12%),31 (+NA%),3 (+NA%),12 (+NA%),0 (+NA%),0 (+NA%),6 (+NA%),14 (+NA%),4 (+NA%),4 (+NA%),4 (+NA%),1 (+NA%),18 (+NA%),12 (+NA%)
62,Ecuador,216.868646007871 (+19%),68 (+NA%),6 (+NA%),21 (+NA%),0 (+NA%),0 (+NA%),9 (+NA%),20 (+NA%),7 (+NA%),8 (+NA%),6 (+NA%),4 (+NA%),33 (+NA%),35 (+NA%)
63,"Egypt, Arab Rep.",87.3557725911684 (+-22%),31 (+NA%),2 (+NA%),16 (+NA%),0 (+NA%),0 (+NA%),12 (+NA%),11 (+NA%),0 (+NA%),3 (+NA%),8 (+NA%),1 (+NA%),2 (+NA%),2 (+NA%)
64,El Salvador,28.3686861028555 (+15%),8 (+NA%),1 (+NA%),3 (+NA%),0 (+NA%),0 (+NA%),2 (+NA%),4 (+NA%),1 (+NA%),1 (+NA%),1 (+NA%),0 (+NA%),5 (+NA%),3 (+NA%)
65,Equatorial Guinea,0.0588145408271619 (+41%),NA (+NA%),NA (+NA%),NA (+NA%),NA (+NA%),NA (+NA%),NA (+NA%),NA (+NA%),NA (+NA%),NA (+NA%),NA (+NA%),NA (+NA%),NA (+NA%),NA (+NA%)
66,Eritrea,7.44900007247195 (+23%),NA (+NA%),NA (+NA%),NA (+NA%),NA (+NA%),NA (+NA%),NA (+NA%),NA (+NA%),NA (+NA%),NA (+NA%),NA (+NA%),NA (+NA%),NA (+NA%),NA (+NA%)
67,Estonia,6.01265215164341 (+-10%),2 (+NA%),0 (+NA%),2 (+NA%),0 (+NA%),0 (+NA%),1 (+NA%),0 (+NA%),0 (+NA%),0 (+NA%),0 (+NA%),1 (+NA%),0 (+NA%),0 (+NA%)
68,Ethiopia,286.367133423232 (+23%),154 (+NA%),7 (+NA%),41 (+NA%),0 (+NA%),0 (+NA%),26 (+NA%),16 (+NA%),1 (+NA%),10 (+NA%),18 (+NA%),1 (+NA%),1 (+NA%),11 (+NA%)
69,Falkland Islands (Malvinas),0 (+NaN%),NA (+NA%),NA (+NA%),NA (+NA%),NA (+NA%),NA (+NA%),NA (+NA%),NA (+NA%),NA (+NA%),NA (+NA%),NA (+NA%),NA (+NA%),NA (+NA%),NA (+NA%)
70,Faroe Islands,0.0315957102586261 (+2%),NA (+NA%),NA (+NA%),NA (+NA%),NA (+NA%),NA (+NA%),NA (+NA%),NA (+NA%),NA (+NA%),NA (+NA%),NA (+NA%),NA (+NA%),NA (+NA%),NA (+NA%)
71,Fiji,8.71354439069929 (+17%),NA (+NA%),NA (+NA%),NA (+NA%),NA (+NA%),NA (+NA%),NA (+NA%),NA (+NA%),NA (+NA%),NA (+NA%),NA (+NA%),NA (+NA%),NA (+NA%),NA (+NA%)
72,Finland,9.01270458198704 (+-2%),2 (+NA%),0 (+NA%),5 (+NA%),0 (+NA%),0 (+NA%),2 (+NA%),0 (+NA%),0 (+NA%),0 (+NA%),0 (+NA%),0 (+NA%),0 (+NA%),0 (+NA%)
73,France,409.99459839761 (+-9%),134 (+NA%),6 (+NA%),63 (+NA%),1 (+NA%),0 (+NA%),104 (+NA%),31 (+NA%),3 (+NA%),1 (+NA%),50 (+NA%),4 (+NA%),10 (+NA%),3 (+NA%)
74,French Guiana,0 (+NaN%),NA (+NA%),NA (+NA%),NA (+NA%),NA (+NA%),NA (+NA%),NA (+NA%),NA (+NA%),NA (+NA%),NA (+NA%),NA (+NA%),NA (+NA%),NA (+NA%),NA (+NA%)
75,French Polynesia,0.242550959991753 (+-1%),NA (+NA%),NA (+NA%),NA (+NA%),NA (+NA%),NA (+NA%),NA (+NA%),NA (+NA%),NA (+NA%),NA (+NA%),NA (+NA%),NA (+NA%),NA (+NA%),NA (+NA%)
76,Gabon,1.32859526535508 (+-8%),1 (+NA%),0 (+NA%),0 (+NA%),0 (+NA%),0 (+NA%),0 (+NA%),0 (+NA%),0 (+NA%),0 (+NA%),0 (+NA%),0 (+NA%),0 (+NA%),0 (+NA%)
77,"Gambia, The",2.2870060063951 (+-14%),1 (+NA%),0 (+NA%),0 (+NA%),0 (+NA%),0 (+NA%),0 (+NA%),0 (+NA%),0 (+NA%),0 (+NA%),0 (+NA%),0 (+NA%),0 (+NA%),0 (+NA%)
78,Georgia,15.2401768229119 (+5%),5 (+NA%),1 (+NA%),4 (+NA%),0 (+NA%),0 (+NA%),2 (+NA%),1 (+NA%),1 (+NA%),1 (+NA%),0 (+NA%),0 (+NA%),0 (+NA%),0 (+NA%)
79,Germany,697.815298132406 (+-2%),150 (+NA%),6 (+NA%),277 (+NA%),1 (+NA%),2 (+NA%),74 (+NA%),61 (+NA%),13 (+NA%),6 (+NA%),24 (+NA%),11 (+NA%),61 (+NA%),11 (+NA%)
80,Ghana,29.1253223178193 (+-19%),14 (+NA%),1 (+NA%),5 (+NA%),0 (+NA%),0 (+NA%),3 (+NA%),2 (+NA%),0 (+NA%),1 (+NA%),2 (+NA%),0 (+NA%),0 (+NA%),1 (+NA%)
81,Gibraltar,0 (+NaN%),NA (+NA%),NA (+NA%),NA (+NA%),NA (+NA%),NA (+NA%),NA (+NA%),NA (+NA%),NA (+NA%),NA (+NA%),NA (+NA%),NA (+NA%),NA (+NA%),NA (+NA%)
82,Greece,113.108730013839 (+-42%),55 (+NA%),1 (+NA%),20 (+NA%),0 (+NA%),0 (+NA%),12 (+NA%),4 (+NA%),1 (+NA%),3 (+NA%),12 (+NA%),1 (+NA%),2 (+NA%),1 (+NA%)
83,Greenland,0 (+NaN%),NA (+NA%),NA (+NA%),NA (+NA%),NA (+NA%),NA (+NA%),NA (+NA%),NA (+NA%),NA (+NA%),NA (+NA%),NA (+NA%),NA (+NA%),NA (+NA%),NA (+NA%)
84,Grenada,0.270954691488352 (+16%),NA (+NA%),NA (+NA%),NA (+NA%),NA (+NA%),NA (+NA%),NA (+NA%),NA (+NA%),NA (+NA%),NA (+NA%),NA (+NA%),NA (+NA%),NA (+NA%),NA (+NA%)
85,Guadeloupe,0 (+NaN%),NA (+NA%),NA (+NA%),NA (+NA%),NA (+NA%),NA (+NA%),NA (+NA%),NA (+NA%),NA (+NA%),NA (+NA%),NA (+NA%),NA (+NA%),NA (+NA%),NA (+NA%)
86,Guam,0 (+NaN%),NA (+NA%),NA (+NA%),NA (+NA%),NA (+NA%),NA (+NA%),NA (+NA%),NA (+NA%),NA (+NA%),NA (+NA%),NA (+NA%),NA (+NA%),NA (+NA%),NA (+NA%)
87,Guatemala,145.926704852977 (+17%),50 (+NA%),5 (+NA%),15 (+NA%),0 (+NA%),0 (+NA%),6 (+NA%),13 (+NA%),4 (+NA%),6 (+NA%),4 (+NA%),2 (+NA%),17 (+NA%),22 (+NA%)
88,Guinea,45.3390044316579 (+27%),24 (+NA%),1 (+NA%),6 (+NA%),0 (+NA%),0 (+NA%),4 (+NA%),3 (+NA%),0 (+NA%),2 (+NA%),3 (+NA%),0 (+NA%),0 (+NA%),2 (+NA%)
89,Guinea-Bissau,3.60075893823166 (+27%),NA (+NA%),NA (+NA%),NA (+NA%),NA (+NA%),NA (+NA%),NA (+NA%),NA (+NA%),NA (+NA%),NA (+NA%),NA (+NA%),NA (+NA%),NA (+NA%),NA (+NA%)
90,Guyana,9.94135990463278 (+11%),2 (+NA%),0 (+NA%),1 (+NA%),0 (+NA%),0 (+NA%),1 (+NA%),2 (+NA%),0 (+NA%),0 (+NA%),0 (+NA%),0 (+NA%),2 (+NA%),0 (+NA%)
91,Haiti,31.3624545082054 (+7%),11 (+NA%),1 (+NA%),4 (+NA%),0 (+NA%),0 (+NA%),1 (+NA%),2 (+NA%),1 (+NA%),2 (+NA%),1 (+NA%),0 (+NA%),3 (+NA%),5 (+NA%)
92,Holy See,0 (+NaN%),NA (+NA%),NA (+NA%),NA (+NA%),NA (+NA%),NA (+NA%),NA (+NA%),NA (+NA%),NA (+NA%),NA (+NA%),NA (+NA%),NA (+NA%),NA (+NA%),NA (+NA%)
93,Honduras,75.3910324198324 (+14%),25 (+NA%),3 (+NA%),10 (+NA%),0 (+NA%),0 (+NA%),4 (+NA%),9 (+NA%),2 (+NA%),4 (+NA%),3 (+NA%),0 (+NA%),8 (+NA%),8 (+NA%)
94,Hungary,137.090033915962 (+-4%),46 (+NA%),2 (+NA%),42 (+NA%),0 (+NA%),0 (+NA%),7 (+NA%),7 (+NA%),2 (+NA%),9 (+NA%),3 (+NA%),12 (+NA%),6 (+NA%),1 (+NA%)
95,Iceland,0.250844712520111 (+2%),NA (+NA%),NA (+NA%),NA (+NA%),NA (+NA%),NA (+NA%),NA (+NA%),NA (+NA%),NA (+NA%),NA (+NA%),NA (+NA%),NA (+NA%),NA (+NA%),NA (+NA%)
96,India,4468.68407060577 (+2%),2760 (+NA%),50 (+NA%),667 (+NA%),12 (+NA%),8 (+NA%),99 (+NA%),509 (+NA%),4 (+NA%),67 (+NA%),19 (+NA%),6 (+NA%),6 (+NA%),262 (+NA%)
97,Indonesia,1992.39173925506 (+14%),1084 (+NA%),15 (+NA%),311 (+NA%),3 (+NA%),2 (+NA%),51 (+NA%),376 (+NA%),2 (+NA%),24 (+NA%),9 (+NA%),3 (+NA%),6 (+NA%),106 (+NA%)
98,"Iran, Islamic Rep.",1111.89117750427 (+3%),NA (+NA%),NA (+NA%),NA (+NA%),NA (+NA%),NA (+NA%),NA (+NA%),NA (+NA%),NA (+NA%),NA (+NA%),NA (+NA%),NA (+NA%),NA (+NA%),NA (+NA%)
99,Iraq,70.371488909928 (+-26%),NA (+NA%),NA (+NA%),NA (+NA%),NA (+NA%),NA (+NA%),NA (+NA%),NA (+NA%),NA (+NA%),NA (+NA%),NA (+NA%),NA (+NA%),NA (+NA%),NA (+NA%)
100,Ireland,122.965229908885 (+-27%),44 (+NA%),4 (+NA%),29 (+NA%),1 (+NA%),14 (+NA%),12 (+NA%),6 (+NA%),2 (+NA%),1 (+NA%),8 (+NA%),0 (+NA%),0 (+NA%),2 (+NA%)
101,Israel,95.9756129401124 (+-2%),24 (+NA%),3 (+NA%),28 (+NA%),1 (+NA%),0 (+NA%),12 (+NA%),11 (+NA%),4 (+NA%),7 (+NA%),3 (+NA%),0 (+NA%),2 (+NA%),0 (+NA%)
102,Italy,693.876072753146 (+-5%),187 (+NA%),19 (+NA%),233 (+NA%),1 (+NA%),1 (+NA%),112 (+NA%),33 (+NA%),45 (+NA%),5 (+NA%),32 (+NA%),19 (+NA%),3 (+NA%),6 (+NA%)
103,Jamaica,20.1479631121968 (+16%),5 (+NA%),0 (+NA%),2 (+NA%),0 (+NA%),0 (+NA%),1 (+NA%),3 (+NA%),1 (+NA%),1 (+NA%),1 (+NA%),0 (+NA%),4 (+NA%),2 (+NA%)
104,Japan,822.62434443224 (+0%),304 (+NA%),26 (+NA%),97 (+NA%),8 (+NA%),0 (+NA%),110 (+NA%),174 (+NA%),21 (+NA%),37 (+NA%),9 (+NA%),0 (+NA%),0 (+NA%),36 (+NA%)
105,Jordan,20.1790136797962 (+-9%),NA (+NA%),NA (+NA%),NA (+NA%),NA (+NA%),NA (+NA%),NA (+NA%),NA (+NA%),NA (+NA%),NA (+NA%),NA (+NA%),NA (+NA%),NA (+NA%),NA (+NA%)
106,Kazakhstan,284.058829092557 (+7%),96 (+NA%),14 (+NA%),76 (+NA%),3 (+NA%),1 (+NA%),27 (+NA%),17 (+NA%),7 (+NA%),27 (+NA%),7 (+NA%),2 (+NA%),3 (+NA%),2 (+NA%)
107,Kenya,137.8586317344 (+-5%),79 (+NA%),3 (+NA%),19 (+NA%),0 (+NA%),0 (+NA%),11 (+NA%),7 (+NA%),1 (+NA%),4 (+NA%),7 (+NA%),1 (+NA%),1 (+NA%),5 (+NA%)
108,Kiribati,0 (+NaN%),NA (+NA%),NA (+NA%),NA (+NA%),NA (+NA%),NA (+NA%),NA (+NA%),NA (+NA%),NA (+NA%),NA (+NA%),NA (+NA%),NA (+NA%),NA (+NA%),NA (+NA%)
109,Kuwait,9.12881690271393 (+0%),NA (+NA%),NA (+NA%),NA (+NA%),NA (+NA%),NA (+NA%),NA (+NA%),NA (+NA%),NA (+NA%),NA (+NA%),NA (+NA%),NA (+NA%),NA (+NA%),NA (+NA%)
110,Kyrgyz Republic,59.2803556890999 (+-10%),18 (+NA%),4 (+NA%),17 (+NA%),1 (+NA%),0 (+NA%),6 (+NA%),3 (+NA%),1 (+NA%),6 (+NA%),2 (+NA%),0 (+NA%),0 (+NA%),0 (+NA%)
111,Lao PDR,98.5702782978768 (+10%),NA (+NA%),NA (+NA%),NA (+NA%),NA (+NA%),NA (+NA%),NA (+NA%),NA (+NA%),NA (+NA%),NA (+NA%),NA (+NA%),NA (+NA%),NA (+NA%),NA (+NA%)
112,Latvia,4.97920649127662 (+-8%),1 (+NA%),0 (+NA%),1 (+NA%),0 (+NA%),0 (+NA%),0 (+NA%),1 (+NA%),0 (+NA%),0 (+NA%),1 (+NA%),0 (+NA%),0 (+NA%),0 (+NA%)
113,Lebanon,19.0283952990743 (+1%),7 (+NA%),0 (+NA%),4 (+NA%),0 (+NA%),0 (+NA%),2 (+NA%),3 (+NA%),0 (+NA%),1 (+NA%),1 (+NA%),0 (+NA%),0 (+NA%),0 (+NA%)
114,Lesotho,3.88056947092706 (+-28%),2 (+NA%),0 (+NA%),1 (+NA%),0 (+NA%),0 (+NA%),0 (+NA%),0 (+NA%),0 (+NA%),0 (+NA%),0 (+NA%),0 (+NA%),0 (+NA%),0 (+NA%)
115,Liberia,1.38319200852735 (+-23%),1 (+NA%),0 (+NA%),0 (+NA%),0 (+NA%),0 (+NA%),0 (+NA%),0 (+NA%),0 (+NA%),0 (+NA%),0 (+NA%),0 (+NA%),0 (+NA%),0 (+NA%)
116,Libya,6.04590350173338 (+10%),NA (+NA%),NA (+NA%),NA (+NA%),NA (+NA%),NA (+NA%),NA (+NA%),NA (+NA%),NA (+NA%),NA (+NA%),NA (+NA%),NA (+NA%),NA (+NA%),NA (+NA%)
117,Liechtenstein,0 (+NaN%),NA (+NA%),NA (+NA%),NA (+NA%),NA (+NA%),NA (+NA%),NA (+NA%),NA (+NA%),NA (+NA%),NA (+NA%),NA (+NA%),NA (+NA%),NA (+NA%),NA (+NA%)
118,Lithuania,6.1984026786365 (+-2%),1 (+NA%),0 (+NA%),2 (+NA%),0 (+NA%),0 (+NA%),2 (+NA%),1 (+NA%),0 (+NA%),0 (+NA%),0 (+NA%),0 (+NA%),0 (+NA%),0 (+NA%)
119,Luxembourg,1.78470654044973 (+-5%),NA (+NA%),NA (+NA%),NA (+NA%),NA (+NA%),NA (+NA%),NA (+NA%),NA (+NA%),NA (+NA%),NA (+NA%),NA (+NA%),NA (+NA%),NA (+NA%),NA (+NA%)
120,Madagascar,47.0977106670326 (+36%),30 (+NA%),1 (+NA%),4 (+NA%),0 (+NA%),0 (+NA%),3 (+NA%),2 (+NA%),0 (+NA%),1 (+NA%),2 (+NA%),0 (+NA%),0 (+NA%),2 (+NA%)
121,Malawi,17.0401794340791 (+33%),10 (+NA%),0 (+NA%),2 (+NA%),0 (+NA%),0 (+NA%),1 (+NA%),1 (+NA%),0 (+NA%),0 (+NA%),1 (+NA%),0 (+NA%),0 (+NA%),2 (+NA%)
122,Malaysia,542.726206099247 (+8%),254 (+NA%),1 (+NA%),75 (+NA%),0 (+NA%),0 (+NA%),13 (+NA%),123 (+NA%),1 (+NA%),4 (+NA%),2 (+NA%),4 (+NA%),3 (+NA%),63 (+NA%)
123,Maldives,0 (+NaN%),NA (+NA%),NA (+NA%),NA (+NA%),NA (+NA%),NA (+NA%),NA (+NA%),NA (+NA%),NA (+NA%),NA (+NA%),NA (+NA%),NA (+NA%),NA (+NA%),NA (+NA%)
124,Mali,72.9587975296318 (+-5%),37 (+NA%),2 (+NA%),12 (+NA%),0 (+NA%),0 (+NA%),7 (+NA%),4 (+NA%),0 (+NA%),2 (+NA%),4 (+NA%),1 (+NA%),1 (+NA%),2 (+NA%)
125,Malta,1.67397245907107 (+-2%),NA (+NA%),NA (+NA%),NA (+NA%),NA (+NA%),NA (+NA%),NA (+NA%),NA (+NA%),NA (+NA%),NA (+NA%),NA (+NA%),NA (+NA%),NA (+NA%),NA (+NA%)
126,Marshall Islands,0 (+NaN%),NA (+NA%),NA (+NA%),NA (+NA%),NA (+NA%),NA (+NA%),NA (+NA%),NA (+NA%),NA (+NA%),NA (+NA%),NA (+NA%),NA (+NA%),NA (+NA%),NA (+NA%)
127,St. Martin (French part),0 (+NaN%),NA (+NA%),NA (+NA%),NA (+NA%),NA (+NA%),NA (+NA%),NA (+NA%),NA (+NA%),NA (+NA%),NA (+NA%),NA (+NA%),NA (+NA%),NA (+NA%),NA (+NA%)
128,Mauritania,32.5823662235462 (+-64%),NA (+NA%),NA (+NA%),NA (+NA%),NA (+NA%),NA (+NA%),NA (+NA%),NA (+NA%),NA (+NA%),NA (+NA%),NA (+NA%),NA (+NA%),NA (+NA%),NA (+NA%)
129,Mauritius,1.57740829638667 (+43%),1 (+NA%),0 (+NA%),0 (+NA%),0 (+NA%),0 (+NA%),0 (+NA%),0 (+NA%),0 (+NA%),0 (+NA%),0 (+NA%),0 (+NA%),0 (+NA%),0 (+NA%)
130,Mayotte,0 (+NaN%),NA (+NA%),NA (+NA%),NA (+NA%),NA (+NA%),NA (+NA%),NA (+NA%),NA (+NA%),NA (+NA%),NA (+NA%),NA (+NA%),NA (+NA%),NA (+NA%),NA (+NA%)
131,Mexico,2037.11290574123 (+11%),704 (+NA%),52 (+NA%),182 (+NA%),4 (+NA%),1 (+NA%),78 (+NA%),169 (+NA%),60 (+NA%),68 (+NA%),47 (+NA%),42 (+NA%),294 (+NA%),337 (+NA%)
132,"Micronesia, Fed. Sts.",0.61534433636821 (+28%),NA (+NA%),NA (+NA%),NA (+NA%),NA (+NA%),NA (+NA%),NA (+NA%),NA (+NA%),NA (+NA%),NA (+NA%),NA (+NA%),NA (+NA%),NA (+NA%),NA (+NA%)
133,Monaco,0 (+NaN%),NA (+NA%),NA (+NA%),NA (+NA%),NA (+NA%),NA (+NA%),NA (+NA%),NA (+NA%),NA (+NA%),NA (+NA%),NA (+NA%),NA (+NA%),NA (+NA%),NA (+NA%)
134,Mongolia,163.370371980674 (+-14%),90 (+NA%),3 (+NA%),30 (+NA%),1 (+NA%),1 (+NA%),7 (+NA%),15 (+NA%),1 (+NA%),4 (+NA%),2 (+NA%),1 (+NA%),1 (+NA%),9 (+NA%)
135,Montenegro,4.38434103655848 (+5%),NA (+NA%),NA (+NA%),NA (+NA%),NA (+NA%),NA (+NA%),NA (+NA%),NA (+NA%),NA (+NA%),NA (+NA%),NA (+NA%),NA (+NA%),NA (+NA%),NA (+NA%)
136,Montserrat,0 (+NaN%),NA (+NA%),NA (+NA%),NA (+NA%),NA (+NA%),NA (+NA%),NA (+NA%),NA (+NA%),NA (+NA%),NA (+NA%),NA (+NA%),NA (+NA%),NA (+NA%),NA (+NA%)
137,Morocco,95.4654086114837 (+-36%),29 (+NA%),3 (+NA%),21 (+NA%),0 (+NA%),1 (+NA%),13 (+NA%),11 (+NA%),1 (+NA%),3 (+NA%),8 (+NA%),1 (+NA%),2 (+NA%),3 (+NA%)
138,Mozambique,17.8759817219142 (+43%),11 (+NA%),0 (+NA%),2 (+NA%),0 (+NA%),0 (+NA%),1 (+NA%),1 (+NA%),0 (+NA%),0 (+NA%),1 (+NA%),0 (+NA%),0 (+NA%),1 (+NA%)
139,Myanmar,1381.43211346904 (+22%),796 (+NA%),12 (+NA%),189 (+NA%),3 (+NA%),2 (+NA%),26 (+NA%),171 (+NA%),1 (+NA%),18 (+NA%),4 (+NA%),6 (+NA%),3 (+NA%),151 (+NA%)
140,Namibia,33.4659748881271 (+1%),19 (+NA%),1 (+NA%),5 (+NA%),0 (+NA%),0 (+NA%),3 (+NA%),2 (+NA%),0 (+NA%),1 (+NA%),2 (+NA%),0 (+NA%),0 (+NA%),1 (+NA%)
141,Nauru,0 (+NaN%),NA (+NA%),NA (+NA%),NA (+NA%),NA (+NA%),NA (+NA%),NA (+NA%),NA (+NA%),NA (+NA%),NA (+NA%),NA (+NA%),NA (+NA%),NA (+NA%),NA (+NA%)
142,Nepal,144.914705468423 (+13%),88 (+NA%),2 (+NA%),21 (+NA%),0 (+NA%),0 (+NA%),3 (+NA%),15 (+NA%),0 (+NA%),2 (+NA%),0 (+NA%),0 (+NA%),0 (+NA%),13 (+NA%)
143,Netherlands,160.96242083824 (+-5%),53 (+NA%),5 (+NA%),41 (+NA%),0 (+NA%),0 (+NA%),31 (+NA%),24 (+NA%),0 (+NA%),0 (+NA%),5 (+NA%),0 (+NA%),1 (+NA%),0 (+NA%)
144,Sint Maarten (Dutch part),0 (+NaN%),NA (+NA%),NA (+NA%),NA (+NA%),NA (+NA%),NA (+NA%),NA (+NA%),NA (+NA%),NA (+NA%),NA (+NA%),NA (+NA%),NA (+NA%),NA (+NA%),NA (+NA%)
145,New Caledonia,3.46563796567228 (+2%),NA (+NA%),NA (+NA%),NA (+NA%),NA (+NA%),NA (+NA%),NA (+NA%),NA (+NA%),NA (+NA%),NA (+NA%),NA (+NA%),NA (+NA%),NA (+NA%),NA (+NA%)
146,New Zealand,72.9888138673127 (+-72%),8 (+NA%),0 (+NA%),21 (+NA%),1 (+NA%),0 (+NA%),4 (+NA%),6 (+NA%),0 (+NA%),3 (+NA%),0 (+NA%),0 (+NA%),0 (+NA%),29 (+NA%)
147,Nicaragua,109.786113638292 (+20%),40 (+NA%),6 (+NA%),15 (+NA%),0 (+NA%),0 (+NA%),6 (+NA%),10 (+NA%),3 (+NA%),6 (+NA%),4 (+NA%),0 (+NA%),6 (+NA%),12 (+NA%)
148,Niger,192.914680721475 (+-18%),116 (+NA%),4 (+NA%),24 (+NA%),0 (+NA%),0 (+NA%),15 (+NA%),9 (+NA%),1 (+NA%),5 (+NA%),10 (+NA%),1 (+NA%),1 (+NA%),6 (+NA%)
149,Nigeria,151.01940754146 (+5%),82 (+NA%),3 (+NA%),22 (+NA%),0 (+NA%),1 (+NA%),12 (+NA%),9 (+NA%),1 (+NA%),4 (+NA%),7 (+NA%),2 (+NA%),2 (+NA%),7 (+NA%)
150,Niue,0.0136935479966438 (+-72%),NA (+NA%),NA (+NA%),NA (+NA%),NA (+NA%),NA (+NA%),NA (+NA%),NA (+NA%),NA (+NA%),NA (+NA%),NA (+NA%),NA (+NA%),NA (+NA%),NA (+NA%)
151,Northern Mariana Islands,0 (+NaN%),NA (+NA%),NA (+NA%),NA (+NA%),NA (+NA%),NA (+NA%),NA (+NA%),NA (+NA%),NA (+NA%),NA (+NA%),NA (+NA%),NA (+NA%),NA (+NA%),NA (+NA%)
152,Norway,5.04633165834338 (+-22%),0 (+NA%),0 (+NA%),3 (+NA%),0 (+NA%),0 (+NA%),2 (+NA%),0 (+NA%),0 (+NA%),0 (+NA%),0 (+NA%),0 (+NA%),0 (+NA%),0 (+NA%)
153,Occupied Palestinian Territory,1.38635180118964 (+-100%),NA (+NA%),NA (+NA%),NA (+NA%),NA (+NA%),NA (+NA%),NA (+NA%),NA (+NA%),NA (+NA%),NA (+NA%),NA (+NA%),NA (+NA%),NA (+NA%),NA (+NA%)
154,Oman,6.13204950566112 (+2%),NA (+NA%),NA (+NA%),NA (+NA%),NA (+NA%),NA (+NA%),NA (+NA%),NA (+NA%),NA (+NA%),NA (+NA%),NA (+NA%),NA (+NA%),NA (+NA%),NA (+NA%)
155,Pakistan,1745.24930747009 (+21%),NA (+NA%),NA (+NA%),NA (+NA%),NA (+NA%),NA (+NA%),NA (+NA%),NA (+NA%),NA (+NA%),NA (+NA%),NA (+NA%),NA (+NA%),NA (+NA%),NA (+NA%)
156,Palau,0 (+NaN%),NA (+NA%),NA (+NA%),NA (+NA%),NA (+NA%),NA (+NA%),NA (+NA%),NA (+NA%),NA (+NA%),NA (+NA%),NA (+NA%),NA (+NA%),NA (+NA%),NA (+NA%)
157,Panama,69.4384281699452 (+15%),NA (+NA%),NA (+NA%),NA (+NA%),NA (+NA%),NA (+NA%),NA (+NA%),NA (+NA%),NA (+NA%),NA (+NA%),NA (+NA%),NA (+NA%),NA (+NA%),NA (+NA%)
158,Papua New Guinea,33.6216034321379 (+27%),NA (+NA%),NA (+NA%),NA (+NA%),NA (+NA%),NA (+NA%),NA (+NA%),NA (+NA%),NA (+NA%),NA (+NA%),NA (+NA%),NA (+NA%),NA (+NA%),NA (+NA%)
159,Paraguay,348.102303235559 (+9%),155 (+NA%),19 (+NA%),41 (+NA%),1 (+NA%),0 (+NA%),16 (+NA%),25 (+NA%),7 (+NA%),18 (+NA%),10 (+NA%),2 (+NA%),14 (+NA%),39 (+NA%)
160,Peru,334.427501347297 (+14%),94 (+NA%),6 (+NA%),38 (+NA%),0 (+NA%),0 (+NA%),19 (+NA%),46 (+NA%),12 (+NA%),10 (+NA%),12 (+NA%),4 (+NA%),60 (+NA%),33 (+NA%)
161,Philippines,728.609917971967 (+27%),339 (+NA%),1 (+NA%),82 (+NA%),0 (+NA%),0 (+NA%),13 (+NA%),117 (+NA%),1 (+NA%),6 (+NA%),2 (+NA%),9 (+NA%),4 (+NA%),153 (+NA%)
162,Poland,891.171477885553 (+1%),207 (+NA%),10 (+NA%),279 (+NA%),1 (+NA%),36 (+NA%),44 (+NA%),113 (+NA%),11 (+NA%),59 (+NA%),33 (+NA%),47 (+NA%),42 (+NA%),10 (+NA%)
163,Portugal,182.142450878242 (+-13%),61 (+NA%),4 (+NA%),39 (+NA%),0 (+NA%),6 (+NA%),9 (+NA%),20 (+NA%),6 (+NA%),7 (+NA%),5 (+NA%),12 (+NA%),11 (+NA%),0 (+NA%)
164,Puerto Rico,5.60460794798322 (+0%),NA (+NA%),NA (+NA%),NA (+NA%),NA (+NA%),NA (+NA%),NA (+NA%),NA (+NA%),NA (+NA%),NA (+NA%),NA (+NA%),NA (+NA%),NA (+NA%),NA (+NA%)
165,Qatar,2.91040457440105 (+0%),NA (+NA%),NA (+NA%),NA (+NA%),NA (+NA%),NA (+NA%),NA (+NA%),NA (+NA%),NA (+NA%),NA (+NA%),NA (+NA%),NA (+NA%),NA (+NA%),NA (+NA%)
166,Reunion,0 (+NaN%),NA (+NA%),NA (+NA%),NA (+NA%),NA (+NA%),NA (+NA%),NA (+NA%),NA (+NA%),NA (+NA%),NA (+NA%),NA (+NA%),NA (+NA%),NA (+NA%),NA (+NA%)
167,"Korea, Rep.",895.003500912755 (+1%),171 (+NA%),113 (+NA%),256 (+NA%),14 (+NA%),0 (+NA%),69 (+NA%),93 (+NA%),17 (+NA%),54 (+NA%),44 (+NA%),31 (+NA%),0 (+NA%),31 (+NA%)
168,Republic of Moldova,15.4803076513173 (+47%),0 (+NA%),0 (+NA%),5 (+NA%),0 (+NA%),0 (+NA%),2 (+NA%),2 (+NA%),2 (+NA%),2 (+NA%),0 (+NA%),0 (+NA%),1 (+NA%),0 (+NA%)
169,Romania,179.535051337284 (+-18%),47 (+NA%),7 (+NA%),41 (+NA%),0 (+NA%),5 (+NA%),7 (+NA%),23 (+NA%),5 (+NA%),17 (+NA%),14 (+NA%),3 (+NA%),6 (+NA%),2 (+NA%)
170,Russian Federation,2050.3917924092 (+10%),733 (+NA%),40 (+NA%),483 (+NA%),9 (+NA%),1 (+NA%),175 (+NA%),163 (+NA%),124 (+NA%),170 (+NA%),38 (+NA%),30 (+NA%),76 (+NA%),11 (+NA%)
171,Rwanda,9.79841638912789 (+-22%),5 (+NA%),0 (+NA%),2 (+NA%),0 (+NA%),0 (+NA%),1 (+NA%),1 (+NA%),0 (+NA%),0 (+NA%),0 (+NA%),0 (+NA%),0 (+NA%),1 (+NA%)
172,"Saint Helena, Ascension and Tristan da Cunha",0 (+NaN%),NA (+NA%),NA (+NA%),NA (+NA%),NA (+NA%),NA (+NA%),NA (+NA%),NA (+NA%),NA (+NA%),NA (+NA%),NA (+NA%),NA (+NA%),NA (+NA%),NA (+NA%)
173,Saint Kitts and Nevis,0.135543733618626 (+-41%),NA (+NA%),NA (+NA%),NA (+NA%),NA (+NA%),NA (+NA%),NA (+NA%),NA (+NA%),NA (+NA%),NA (+NA%),NA (+NA%),NA (+NA%),NA (+NA%),NA (+NA%)
174,Saint Lucia,1.10808201222908 (+21%),NA (+NA%),NA (+NA%),NA (+NA%),NA (+NA%),NA (+NA%),NA (+NA%),NA (+NA%),NA (+NA%),NA (+NA%),NA (+NA%),NA (+NA%),NA (+NA%),NA (+NA%)
175,Saint Pierre and Miquelon,0 (+NaN%),NA (+NA%),NA (+NA%),NA (+NA%),NA (+NA%),NA (+NA%),NA (+NA%),NA (+NA%),NA (+NA%),NA (+NA%),NA (+NA%),NA (+NA%),NA (+NA%),NA (+NA%)
176,Saint Vincent and the Grenadines,0.363256969729052 (+16%),NA (+NA%),NA (+NA%),NA (+NA%),NA (+NA%),NA (+NA%),NA (+NA%),NA (+NA%),NA (+NA%),NA (+NA%),NA (+NA%),NA (+NA%),NA (+NA%),NA (+NA%)
177,Samoa,1.20384493364844 (+18%),NA (+NA%),NA (+NA%),NA (+NA%),NA (+NA%),NA (+NA%),NA (+NA%),NA (+NA%),NA (+NA%),NA (+NA%),NA (+NA%),NA (+NA%),NA (+NA%),NA (+NA%)
178,San Marino,0 (+NaN%),NA (+NA%),NA (+NA%),NA (+NA%),NA (+NA%),NA (+NA%),NA (+NA%),NA (+NA%),NA (+NA%),NA (+NA%),NA (+NA%),NA (+NA%),NA (+NA%),NA (+NA%)
179,Sao Tome and Principe,0.124907555872058 (+41%),NA (+NA%),NA (+NA%),NA (+NA%),NA (+NA%),NA (+NA%),NA (+NA%),NA (+NA%),NA (+NA%),NA (+NA%),NA (+NA%),NA (+NA%),NA (+NA%),NA (+NA%)
180,Saudi Arabia,110.418838759439 (+-21%),NA (+NA%),NA (+NA%),NA (+NA%),NA (+NA%),NA (+NA%),NA (+NA%),NA (+NA%),NA (+NA%),NA (+NA%),NA (+NA%),NA (+NA%),NA (+NA%),NA (+NA%)
181,Senegal,40.1252442297134 (+-5%),20 (+NA%),1 (+NA%),6 (+NA%),0 (+NA%),0 (+NA%),4 (+NA%),3 (+NA%),0 (+NA%),1 (+NA%),2 (+NA%),0 (+NA%),0 (+NA%),1 (+NA%)
182,Serbia,70.4620315953524 (+-100%),18 (+NA%),4 (+NA%),12 (+NA%),0 (+NA%),0 (+NA%),8 (+NA%),6 (+NA%),0 (+NA%),13 (+NA%),4 (+NA%),0 (+NA%),3 (+NA%),3 (+NA%)
183,Seychelles,0.00220330021586712 (+2%),NA (+NA%),NA (+NA%),NA (+NA%),NA (+NA%),NA (+NA%),NA (+NA%),NA (+NA%),NA (+NA%),NA (+NA%),NA (+NA%),NA (+NA%),NA (+NA%),NA (+NA%)
184,Sierra Leone,7.34047405123896 (+2%),4 (+NA%),0 (+NA%),1 (+NA%),0 (+NA%),0 (+NA%),1 (+NA%),0 (+NA%),0 (+NA%),0 (+NA%),0 (+NA%),0 (+NA%),0 (+NA%),0 (+NA%)
185,Singapore,15.0860836690769 (+-1%),NA (+NA%),NA (+NA%),NA (+NA%),NA (+NA%),NA (+NA%),NA (+NA%),NA (+NA%),NA (+NA%),NA (+NA%),NA (+NA%),NA (+NA%),NA (+NA%),NA (+NA%)
186,Slovak Republic,12.0702630735264 (+-11%),3 (+NA%),0 (+NA%),2 (+NA%),0 (+NA%),0 (+NA%),2 (+NA%),0 (+NA%),0 (+NA%),1 (+NA%),1 (+NA%),2 (+NA%),1 (+NA%),0 (+NA%)
187,Slovenia,6.13768934349951 (+-4%),NA (+NA%),NA (+NA%),NA (+NA%),NA (+NA%),NA (+NA%),NA (+NA%),NA (+NA%),NA (+NA%),NA (+NA%),NA (+NA%),NA (+NA%),NA (+NA%),NA (+NA%)
188,Solomon Islands,1.30081624642146 (+10%),NA (+NA%),NA (+NA%),NA (+NA%),NA (+NA%),NA (+NA%),NA (+NA%),NA (+NA%),NA (+NA%),NA (+NA%),NA (+NA%),NA (+NA%),NA (+NA%),NA (+NA%)
189,Somalia,18.5249285865105 (+22%),NA (+NA%),NA (+NA%),NA (+NA%),NA (+NA%),NA (+NA%),NA (+NA%),NA (+NA%),NA (+NA%),NA (+NA%),NA (+NA%),NA (+NA%),NA (+NA%),NA (+NA%)
190,South Africa,396.380478981735 (+-3%),193 (+NA%),9 (+NA%),66 (+NA%),0 (+NA%),2 (+NA%),38 (+NA%),28 (+NA%),3 (+NA%),11 (+NA%),22 (+NA%),5 (+NA%),6 (+NA%),14 (+NA%)
191,Spain,1345.46024205492 (+-11%),280 (+NA%),52 (+NA%),426 (+NA%),0 (+NA%),100 (+NA%),115 (+NA%),89 (+NA%),125 (+NA%),30 (+NA%),89 (+NA%),23 (+NA%),4 (+NA%),12 (+NA%)
192,Sri Lanka,64.7604598516661 (+25%),29 (+NA%),0 (+NA%),12 (+NA%),0 (+NA%),0 (+NA%),2 (+NA%),16 (+NA%),0 (+NA%),1 (+NA%),0 (+NA%),0 (+NA%),0 (+NA%),3 (+NA%)
193,Sudan,127.054858760202 (+24%),NA (+NA%),NA (+NA%),NA (+NA%),NA (+NA%),NA (+NA%),NA (+NA%),NA (+NA%),NA (+NA%),NA (+NA%),NA (+NA%),NA (+NA%),NA (+NA%),NA (+NA%)
194,Suriname,3.28698899004847 (+18%),1 (+NA%),0 (+NA%),0 (+NA%),0 (+NA%),0 (+NA%),0 (+NA%),0 (+NA%),0 (+NA%),0 (+NA%),0 (+NA%),0 (+NA%),1 (+NA%),0 (+NA%)
195,Eswatini,5.33907733164903 (+21%),3 (+NA%),0 (+NA%),1 (+NA%),0 (+NA%),0 (+NA%),0 (+NA%),0 (+NA%),0 (+NA%),0 (+NA%),0 (+NA%),0 (+NA%),0 (+NA%),0 (+NA%)
196,Sweden,9.63581213329997 (+-7%),1 (+NA%),0 (+NA%),6 (+NA%),0 (+NA%),0 (+NA%),2 (+NA%),0 (+NA%),0 (+NA%),0 (+NA%),1 (+NA%),0 (+NA%),0 (+NA%),0 (+NA%)
197,Switzerland,27.2944510471174 (+3%),NA (+NA%),NA (+NA%),NA (+NA%),NA (+NA%),NA (+NA%),NA (+NA%),NA (+NA%),NA (+NA%),NA (+NA%),NA (+NA%),NA (+NA%),NA (+NA%),NA (+NA%)
198,Syrian Arab Republic,24.7456398484018 (+0%),NA (+NA%),NA (+NA%),NA (+NA%),NA (+NA%),NA (+NA%),NA (+NA%),NA (+NA%),NA (+NA%),NA (+NA%),NA (+NA%),NA (+NA%),NA (+NA%),NA (+NA%)
199,Tajikistan,105.224062064298 (+-5%),15 (+NA%),9 (+NA%),38 (+NA%),2 (+NA%),0 (+NA%),12 (+NA%),7 (+NA%),2 (+NA%),16 (+NA%),3 (+NA%),0 (+NA%),0 (+NA%),0 (+NA%)
200,Thailand,2568.1596965284 (+12%),476 (+NA%),0 (+NA%),973 (+NA%),0 (+NA%),0 (+NA%),49 (+NA%),244 (+NA%),18 (+NA%),86 (+NA%),157 (+NA%),277 (+NA%),142 (+NA%),147 (+NA%)
201,North Macedonia,10.2335153728858 (+9%),NA (+NA%),NA (+NA%),NA (+NA%),NA (+NA%),NA (+NA%),NA (+NA%),NA (+NA%),NA (+NA%),NA (+NA%),NA (+NA%),NA (+NA%),NA (+NA%),NA (+NA%)
202,Timor-Leste,0.0675182795365329 (+5%),NA (+NA%),NA (+NA%),NA (+NA%),NA (+NA%),NA (+NA%),NA (+NA%),NA (+NA%),NA (+NA%),NA (+NA%),NA (+NA%),NA (+NA%),NA (+NA%),NA (+NA%)
203,Togo,7.82691353138408 (+-31%),3 (+NA%),0 (+NA%),2 (+NA%),0 (+NA%),0 (+NA%),1 (+NA%),1 (+NA%),0 (+NA%),0 (+NA%),0 (+NA%),0 (+NA%),0 (+NA%),0 (+NA%)
204,Tokelau,0 (+NaN%),NA (+NA%),NA (+NA%),NA (+NA%),NA (+NA%),NA (+NA%),NA (+NA%),NA (+NA%),NA (+NA%),NA (+NA%),NA (+NA%),NA (+NA%),NA (+NA%),NA (+NA%)
205,Tonga,1.79456242322969 (+15%),NA (+NA%),NA (+NA%),NA (+NA%),NA (+NA%),NA (+NA%),NA (+NA%),NA (+NA%),NA (+NA%),NA (+NA%),NA (+NA%),NA (+NA%),NA (+NA%),NA (+NA%)
206,Trinidad and Tobago,13.0783885608027 (+1%),2 (+NA%),0 (+NA%),2 (+NA%),0 (+NA%),0 (+NA%),1 (+NA%),3 (+NA%),1 (+NA%),0 (+NA%),1 (+NA%),0 (+NA%),3 (+NA%),0 (+NA%)
207,Tunisia,26.8046281243379 (+-57%),7 (+NA%),1 (+NA%),6 (+NA%),0 (+NA%),0 (+NA%),4 (+NA%),3 (+NA%),0 (+NA%),1 (+NA%),2 (+NA%),1 (+NA%),1 (+NA%),1 (+NA%)
208,Turkey,965.78835810242 (+13%),NA (+NA%),NA (+NA%),NA (+NA%),NA (+NA%),NA (+NA%),NA (+NA%),NA (+NA%),NA (+NA%),NA (+NA%),NA (+NA%),NA (+NA%),NA (+NA%),NA (+NA%)
209,Turkmenistan,95.7570009807921 (+-28%),24 (+NA%),6 (+NA%),29 (+NA%),1 (+NA%),0 (+NA%),11 (+NA%),6 (+NA%),2 (+NA%),10 (+NA%),3 (+NA%),1 (+NA%),1 (+NA%),1 (+NA%)
210,Turks and Caicos Islands,0 (+NaN%),NA (+NA%),NA (+NA%),NA (+NA%),NA (+NA%),NA (+NA%),NA (+NA%),NA (+NA%),NA (+NA%),NA (+NA%),NA (+NA%),NA (+NA%),NA (+NA%),NA (+NA%)
211,Tuvalu,0 (+NaN%),NA (+NA%),NA (+NA%),NA (+NA%),NA (+NA%),NA (+NA%),NA (+NA%),NA (+NA%),NA (+NA%),NA (+NA%),NA (+NA%),NA (+NA%),NA (+NA%),NA (+NA%)
212,Uganda,92.8621890275137 (+-1%),61 (+NA%),2 (+NA%),9 (+NA%),0 (+NA%),0 (+NA%),6 (+NA%),4 (+NA%),0 (+NA%),2 (+NA%),4 (+NA%),0 (+NA%),1 (+NA%),4 (+NA%)
213,Ukraine,377.834501231078 (+15%),121 (+NA%),7 (+NA%),95 (+NA%),2 (+NA%),0 (+NA%),37 (+NA%),35 (+NA%),23 (+NA%),30 (+NA%),8 (+NA%),5 (+NA%),14 (+NA%),2 (+NA%)
214,United Arab Emirates,8.40624872248437 (+1%),NA (+NA%),NA (+NA%),NA (+NA%),NA (+NA%),NA (+NA%),NA (+NA%),NA (+NA%),NA (+NA%),NA (+NA%),NA (+NA%),NA (+NA%),NA (+NA%),NA (+NA%)
215,United Kingdom of Great Britain and Northern Ireland,231.598677494288 (+-42%),78 (+NA%),0 (+NA%),63 (+NA%),0 (+NA%),0 (+NA%),25 (+NA%),23 (+NA%),0 (+NA%),23 (+NA%),1 (+NA%),0 (+NA%),0 (+NA%),18 (+NA%)
216,United Republic of Tanzania,168.031808066626 (+30%),103 (+NA%),3 (+NA%),19 (+NA%),0 (+NA%),0 (+NA%),13 (+NA%),8 (+NA%),0 (+NA%),5 (+NA%),9 (+NA%),0 (+NA%),1 (+NA%),6 (+NA%)
217,United States of America,5758.19097866395 (+2%),3916 (+NA%),52 (+NA%),592 (+NA%),26 (+NA%),0 (+NA%),276 (+NA%),434 (+NA%),148 (+NA%),290 (+NA%),24 (+NA%),0 (+NA%),0 (+NA%),0 (+NA%)
218,Virgin Islands (U.S.),0 (+NaN%),NA (+NA%),NA (+NA%),NA (+NA%),NA (+NA%),NA (+NA%),NA (+NA%),NA (+NA%),NA (+NA%),NA (+NA%),NA (+NA%),NA (+NA%),NA (+NA%),NA (+NA%)
219,Uruguay,289.172593719372 (+6%),124 (+NA%),17 (+NA%),40 (+NA%),1 (+NA%),0 (+NA%),16 (+NA%),22 (+NA%),5 (+NA%),17 (+NA%),10 (+NA%),1 (+NA%),7 (+NA%),28 (+NA%)
220,Uzbekistan,399.462561084541 (+-6%),115 (+NA%),27 (+NA%),119 (+NA%),7 (+NA%),0 (+NA%),39 (+NA%),22 (+NA%),8 (+NA%),48 (+NA%),10 (+NA%),1 (+NA%),2 (+NA%),1 (+NA%)
221,Vanuatu,4.3103385827506 (+15%),NA (+NA%),NA (+NA%),NA (+NA%),NA (+NA%),NA (+NA%),NA (+NA%),NA (+NA%),NA (+NA%),NA (+NA%),NA (+NA%),NA (+NA%),NA (+NA%),NA (+NA%)
222,"Venezuela, RB",436.639188506396 (+26%),177 (+NA%),21 (+NA%),50 (+NA%),1 (+NA%),0 (+NA%),20 (+NA%),36 (+NA%),10 (+NA%),21 (+NA%),13 (+NA%),3 (+NA%),31 (+NA%),52 (+NA%)
223,Vietnam,1371.93680110628 (+39%),NA (+NA%),NA (+NA%),NA (+NA%),NA (+NA%),NA (+NA%),NA (+NA%),NA (+NA%),NA (+NA%),NA (+NA%),NA (+NA%),NA (+NA%),NA (+NA%),NA (+NA%)
224,Wallis and Futuna Islands,0 (+NaN%),NA (+NA%),NA (+NA%),NA (+NA%),NA (+NA%),NA (+NA%),NA (+NA%),NA (+NA%),NA (+NA%),NA (+NA%),NA (+NA%),NA (+NA%),NA (+NA%),NA (+NA%)
225,Western Sahara,0 (+NaN%),NA (+NA%),NA (+NA%),NA (+NA%),NA (+NA%),NA (+NA%),NA (+NA%),NA (+NA%),NA (+NA%),NA (+NA%),NA (+NA%),NA (+NA%),NA (+NA%),NA (+NA%)
226,Yemen,45.2606230659663 (+-16%),NA (+NA%),NA (+NA%),NA (+NA%),NA (+NA%),NA (+NA%),NA (+NA%),NA (+NA%),NA (+NA%),NA (+NA%),NA (+NA%),NA (+NA%),NA (+NA%),NA (+NA%)
227,Zambia,29.8418936443238 (+35%),19 (+NA%),1 (+NA%),3 (+NA%),0 (+NA%),0 (+NA%),2 (+NA%),1 (+NA%),0 (+NA%),1 (+NA%),2 (+NA%),0 (+NA%),0 (+NA%),1 (+NA%)
228,Zimbabwe,45.1408674734307 (+37%),30 (+NA%),1 (+NA%),4 (+NA%),0 (+NA%),0 (+NA%),3 (+NA%),2 (+NA%),0 (+NA%),1 (+NA%),2 (+NA%),0 (+NA%),0 (+NA%),2 (+NA%)
229,South Sudan,72.161199891882 (+-100%),NA (+NA%),NA (+NA%),NA (+NA%),NA (+NA%),NA (+NA%),NA (+NA%),NA (+NA%),NA (+NA%),NA (+NA%),NA (+NA%),NA (+NA%),NA (+NA%),NA (+NA%)